id,app_id,app_name,rating,cleaned_text
6638,notion.id,Notion,4,It's Good but needs more improvement
3451,com.dd.doordash,DoorDash,3,I'd tip more but your trash app doesn't allow me to do anything when I try to do a custom tip. that's on you.
13705,com.squareup.cash,Cash App,5,coolsofar.!!!!
2648,com.squareup.cash,Cash App,1,get an email says my account was unlinked... I try logging in and I'm forced to get brand new card.... stupid
8470,notion.id,Notion,1,I am upset with the last updates and with irritating AI :(
1158,com.squareup.cash,Cash App,2,too many ads and asks for using another app. had to use new app to get $. NOT HAPPY!
5054,com.dd.doordash,DoorDash,5,I love the convenience and the short delivery times as well! As a caregiver I can't always leave the house and this app is very helpful!
6009,com.dd.doordash,DoorDash,2,"Fees are way out of control for poor customer service. they'll process payments/deliveries even when there are no dashers nearby, resulting in me ordering from multiple stores while they're open and still not getting what I paid for. AI customer support is repetitive and unhelpful & human reps can only offer credits. sometimes while you're ordering, if it's during ""high activity times of day"" it'll jack the price up by an extra 3 dollars if you happen to switch tabs while ordering."
374,com.squareup.cash,Cash App,5,best on the market :OK_hand:
3214,com.dd.doordash,DoorDash,1,"I made a doordash order earlier tonight and I only received one of my items out of three. I contacted customer support on the app and submitted pictures of what I received and the receipt of what I was supposed to receive. I paid $23 to doordash for getting my order for me and only received one taco from Taco Bell. when I contacted doordash about this, I received a message back saying that my issue did not qualify for a refund or credit. I am completely done with this app."
6141,com.dd.doordash,DoorDash,4,good but lower dem taxes a luh more
14234,com.squareup.cash,Cash App,2,didn't confirm choice before withdrawing to my account!! why was there a choice for Standard Transfer but not Instant Transfer??!!! money was withdrawn to an account that I didn't want my money to go to!!!
472,com.squareup.cash,Cash App,3,The hidden atm fees are dumb getting charged for the ATM plus another 2 dollars they dont tell you about. . . still use the app though so just avoid ATMs.
881,com.squareup.cash,Cash App,1,Account has been blocked no reason given I will be using another platform to send money from now on . They still haven't gotten back to me with an email even though they said they would within 4 days . I gave up and closed my account not worth wasting my time with . Just use venmo instead
3288,com.dd.doordash,DoorDash,4,had a few misdeliveries but the rectified rhe situation
1433,com.squareup.cash,Cash App,4,and cash app will let you borrow money
9392,notion.id,Notion,4,"this app is great, perfect even. i use it almost all the time, for my studies, work, and planning almost everything. yet lately i've came across a small issue, and that's when i try to move a photo from let's say the top to the bottom of the page it doesn't move and kinda lag no matter how many times i try, i even tried redawnloading the app yet nothing works. it's a small issue but it would be great if it gets fixed."
5669,com.dd.doordash,DoorDash,1,Ordered 6 cut 1/2 pepperoni pizza It was cold. Hardly any sauce or cheese. Could not even cut the pizza into 6 equal pieces properly. A frozen pizza would be been much better and would've saved $20 and a $5 tip. I'll never eat this subpar pizza ever again.
5321,com.dd.doordash,DoorDash,5,I love how quick they deliver
7689,notion.id,Notion,5,If you email them they will remove the AI from the interface so you don't have to interact with it. Hallelujah.
8235,notion.id,Notion,4,"It is better than Trello and easier to work with than Obsidian. Biggest pro is cross-platform sync and ease of use. If you ever share a workspace with sb, there's an annoying paywall. Easy fix - Settings - People - Remove the other member."
14217,com.squareup.cash,Cash App,4,I love this app to but it hard to set up my card on this app need more than three time before it take QR code to activate the card
6861,notion.id,Notion,5,like toggle list the most cuz im a romance author so i like to have all in 1 page AND writing in sections
4384,com.dd.doordash,DoorDash,3,"Very disorganized, ever since they broke up into arbitrary categories. It used to be much easier when everything was just under restaurants to look for food delivery options. Prices have gotten very high."
5943,com.dd.doordash,DoorDash,2,it truly is expensive all the restaurants have jacked the prices up on this app
5596,com.dd.doordash,DoorDash,3,"App was very confusing. PayPal would not work. Payment took several attempts. There is a service charge, delivery charge, plus a tip added on to food price."
6505,notion.id,Notion,2,"Was a great app and service. But it got worse and worse: things are unreliable (sites not loading or incorrectly, syncing not working at times, got harder to navigate) amd feature wise it stagnated as well. Only the AI agent gets updates. But the everyday basic use has suffered a lot in my experience"
7258,notion.id,Notion,5,This App is very useful for scheduling my daily habits.
5521,com.dd.doordash,DoorDash,3,they have delivered my food to other houses around me so many times I can't count them all
3311,com.dd.doordash,DoorDash,3,"when I place an order with my link card and there is substitutions or i add snap eligible items after I place the order it would be nice if the money would come off my link card instead of my debit card, or there should be an option of which card it charges."
7230,notion.id,Notion,4,nice for management
4811,com.dd.doordash,DoorDash,3,"Decent app that I use a lot but it could be better. For example, when ordering from a place with multiple locations nearby I wish I could pick the location my order is placed with. I live near a tunnel with tolls and too often the app picks a location that, mileage-wise, is close but is on the other side of a bridge or tunnel with tolls and it takes a lot longer to get someone to accept my order and longer to receive my order, especially during high traffic times."
3275,com.dd.doordash,DoorDash,5,:smiling_face_with_sunglasses::folded_hands::teacup_without_handle::folded_hands:
4835,com.dd.doordash,DoorDash,1,"Got molded berries from the store and tried to get a refund, the app declined my refund. that's definitely the last straw"
9143,notion.id,Notion,5,this app is amazing. i like that it can be organized and also that there is so much i can do with it
4672,com.dd.doordash,DoorDash,3,this new beta version is not user friendly and keeps crashing ⁸
14049,com.squareup.cash,Cash App,2,at 1st I did. ot understand how u worked it so I deleted it found out that I honestly did need it in my life
1915,com.squareup.cash,Cash App,1,I don't understand why yall want give me a cash app card I have not done anything wrong
9335,notion.id,Notion,5,great way to keep organized notes and keep things ordered.
2163,com.squareup.cash,Cash App,5,yes I will tell other
328,com.squareup.cash,Cash App,1,"Randomly will deactivate your account for no reason, and support wont tell you a reason."
6565,notion.id,Notion,5,App i was searhing for ages.. Very smart app. Very useful if you are doing brain storming. Khud hi notes bna deta hai.
6147,com.dd.doordash,DoorDash,2,canceled dashpass until the map and pickup are restored.
13087,com.squareup.cash,Cash App,5,don't still my information on here please :slightly_smiling_face:
3912,com.dd.doordash,DoorDash,1,Stop using illegals to deliver my food. Not trustworthy.
6254,com.dd.doordash,DoorDash,1,"I ordered from a restaurant about 12 minutes away. A dasher was assigned and told me my food wasn't ready and that he was going to the store. 5 minutes later another dasher messaged my food wasn't ready, but then they checked with staff and my food was already taken, at no point in this process did my food ever even say it was ready to be picked up. My order was then cancelled and after 2 days I still have not been refunded the money. DO NOT use if you want what you paid for"
7038,notion.id,Notion,1,Holy cow exports take longer than heat death of the universe. Desktop app for the win.
1151,com.squareup.cash,Cash App,1,I did not buy anything for .99. I haven't used my card today!! :face_with_symbols_on_mouth::face_with_symbols_on_mouth::face_with_symbols_on_mouth:
3373,com.dd.doordash,DoorDash,3,good app but they seem to have taken away the option to filter by the dash pass.
2327,com.squareup.cash,Cash App,2,their support is the absolute worst I have ever worked with. other than that it is ok. but if you run into a banking problem you are screwed
7479,notion.id,Notion,3,"App is held hostage by white screen when trying to log in on android device via phone screen ratio, when pressing native interface to hide my keyboard. do fix it so I can revert my public pages to private if Notion is sharing my personal email."
12708,com.squareup.cash,Cash App,5,Great way to send and receive money to and from friends and family
8978,notion.id,Notion,3,this app has a lot of bugs
4153,com.dd.doordash,DoorDash,4,my only question is why show me items that are nothing to do with my search? I think I searched for like a dog bowl the other day and it was showing me blankets. other than that though I love this app
5623,com.dd.doordash,DoorDash,1,customer service sucks. they want me to cancel my order without a refund when they are not able to deliver it withing time !
7007,notion.id,Notion,3,it has some delay through connecting to servers and respond
7541,notion.id,Notion,3,"In theory, You can use Notion for anything but...I feel something lag in my phone."
9112,notion.id,Notion,5,very good application
13157,com.squareup.cash,Cash App,3,hard to figure out
14515,com.squareup.cash,Cash App,4,"soo...they give short answers on if your account gets disabled and you won't be able to make anotherone, yet they won't even tell you what you did soooo....-1 star"
7911,notion.id,Notion,2,"I used to like this app, but now load 1000 years a database."
3455,com.dd.doordash,DoorDash,2,"Doordashers need to earn their tips!! Read delivery instructions, double check you are picking up correct delivery order, etc. Make sure you can read and or speak some English too!!! Your delivery personnel are getting lazy and delivery service has deteriorated over the last year. Very disappointing that almost every order I have placed lately has been wrong, cold, missing items or delivery instructions not followed. This is a customer service job, get better with the customer service!"
8456,notion.id,Notion,4,"one of the best apps i ever used but, it freezes sometimes and i have to close the app and re-open it to make it run again, and it's a little slow in use ."
13263,com.squareup.cash,Cash App,4,"Working good, wish the software had more intuitive menus -- would gain an extra star!"
7726,notion.id,Notion,5,Simply Upset. Notion Freezes at Splash Screen and won't ever load. The app has been like this since two updates ago. Please Fix this Notion Team.
4072,com.dd.doordash,DoorDash,5,Get this App ASAP! :beaming_face_with_smiling_eyes:
8565,notion.id,Notion,5,"the best planning and databases ,l love it...... it has carried my business to heights"
5402,com.dd.doordash,DoorDash,3,Try and find a bag of uncooked rice when shopping on Woolworths! Staple items missing.
12775,com.squareup.cash,Cash App,4,it's alright. hard to pay bills. charge for depositing cash.
14066,com.squareup.cash,Cash App,3,"there's a lot of things I love about this app. I love that there's a high savings. I love that you can divide and create separate savings like goals. I like how easy it is to create a direct deposit and invest little bit of money into stocks if you want to. I do not think that the kids accounts are easy to manage, especially when your child's card gets declined and you don't catch the notification fast enough. you can't edit pools or remove."
9034,notion.id,Notion,5,"Multiple use cases in one of the cleanest UIs out there. This app is a must-have for those who like to stay organized. Whether you're part of a team or an individual, once you get the hang of it, it won't take long for it to become your daily driver."
3089,com.dd.doordash,DoorDash,5,convenience at its finest :OK_hand:
4635,com.dd.doordash,DoorDash,3,Customer service is 50 50.
5643,com.dd.doordash,DoorDash,3,discounts are confusing. interface took a long time to navigate.
8438,notion.id,Notion,5,used for notes building templates automate apps great app notion used daily
1259,com.squareup.cash,Cash App,3,scam alert despite verification when people send me money right away
592,com.squareup.cash,Cash App,3,I love Cashapp when it works properly!
5201,com.dd.doordash,DoorDash,3,to many glitches!!! the app won't let you search merchants inventory
4405,com.dd.doordash,DoorDash,3,really weird bug when orders get re-routed the screen constantly reloads and geta trapped in an infinite loop of flickering and trying to load keeps happening anytime I open an order currently being rerouted
1553,com.squareup.cash,Cash App,3,don't like ATM fees on my own money
14432,com.squareup.cash,Cash App,5,love the no fees.
9310,notion.id,Notion,5,Well it is very helpful and the fact it is free is just really good :smiling_face::smiling_face:
6100,com.dd.doordash,DoorDash,4,"All good, except it always declines credit card payments."
7599,notion.id,Notion,4,"I feel like progress just fell off a cliff. Notion went from pushing boundaries to 0 innovation. I still enjoy using it, but whatever happened to notion calendars and building out an ecosystem for users. looking back to earlier days, it seems like a sharp fall off in R&D once notion got market saturation and that seems like a missed opportunity."
6661,notion.id,Notion,2,loved this app until it became subscription AI slop.
4046,com.dd.doordash,DoorDash,4,always room for improvement
8838,notion.id,Notion,1,Love the service. Extremely poor mobile experience.
7641,notion.id,Notion,3,I think once I get it up and running it will be beautiful it is just very confusing and hard to set up
5934,com.dd.doordash,DoorDash,4,I love it! it's just a long process to actually get an order.
12673,com.squareup.cash,Cash App,4,"fast, easy, and very understanding"
7867,notion.id,Notion,2,"App is becoming unusable. It's bad enough constantly being told of new notifications when there are none, or that I'm offline when I'm literally connected to my Wi-Fi. Now it often takes up to 5 minutes to upload an image, and I often can't see any images I've uploaded."
4211,com.dd.doordash,DoorDash,3,DD charges and additional SERVICE FEE which is more than the delivery fee. Customer pays 2x. Plus a tip. Just too much.
4035,com.dd.doordash,DoorDash,3,hate the up pricing found that Ordering through restaurant and delivery is cheaper than through DD ordering
9390,notion.id,Notion,4,"it's always been a great app but as of this week you can no longer move lines or blocks around, i'm unsure if this is a bug or a new update but it's genuinely so frustrating considering it's such an important feature update as of 06 september 2025: the problem has been fixed with the new update!"
6101,com.dd.doordash,DoorDash,1,"Horrible app, horrible corporation"
7837,notion.id,Notion,3,thankx
7484,notion.id,Notion,2,"Editing and the actual notes experience is ok, but it has some annoyances. It's also now trying to be ""helpful"" by detecting Microsoft Intune and offering to log in through it. I say no but Notion doesn't remember or respect that answer. I'd prefer it not to sniff other apps on my device at all."
5055,com.dd.doordash,DoorDash,1,I need help getting some food with my new girl and dog with new friends at the location on the phone gladestone blvd
8485,notion.id,Notion,4,"It's the best Second Brain app you could use. I have been using it for years and my life has improved drastically, it changed how I took notes, remembered things and got reminders of things... if you want to save anything you can do that too... I just wish that there were more locally stored embed files you can attach videos and photos instead of uploading it, I wanted to create like a track giving with notes you know what I mean... if it's related voice note or a pic i can just attach that pic"
1995,com.squareup.cash,Cash App,5,A Great App
5822,com.dd.doordash,DoorDash,2,I got the food I ordered but that doordasher didn't even pay attention to what she was grabbing and gave me the wrong drinks. I called my taco bell and they said to call doordash to try for a refund and I had to sit on hold for almost 5 minutes after talking to an Ai and never got to talk to a real person. This makes me so mad that people don't even care about their jobs
8435,notion.id,Notion,1,plus subscription cost an arm and a leg.
12543,com.squareup.cash,Cash App,2,"not able to get card active, whenever asked to close account knowing I've gotten money in it NOT ABLE TO TRANSFER MONEY FROM MY ILD ACCOUNT TO MY NEW ONE THEY ASKED ME TO DO."
6433,notion.id,Notion,4,One of The best For Productivity !
8412,notion.id,Notion,5,It is simple yet very efficient...Thank you Notion :pinching_hand_medium_skin_tone::clapping_hands_medium_skin_tone:
2273,com.squareup.cash,Cash App,5,"easy to use, has a lot of money management options even investments in crypto and stocks"
7701,notion.id,Notion,3,the ai feature is the most wasteful and unnecessary thing on this app
8697,notion.id,Notion,2,so many features... but what do i use it for??????
3564,com.dd.doordash,DoorDash,1,"When your order gets messed up or half of it doesn't show up they refuse to make it right!!! It was way overpriced to begin with, then they rip you off and refuse to be held accountable!!!"
2227,com.squareup.cash,Cash App,2,"Do not trust this app. Do not put alot of your money in this app because you will lose it. Very Unstable. Cashapp is very unstable and will take away your benefits for no reason or explanation even when you meet all of the requirements above and beyond. They want your money but won't let you use your money. They will also closed your account for no reason or explanation. Customer service only feed you canned response over and over again like a bot. No real help, your money isn't your money."
1436,com.squareup.cash,Cash App,1,"Currently working on a lawsuit against them. - CA does not protect its users - CA support is garbage and lies - CA will falsely make allegations against you and just tell you ""you broke TOS"""
6810,notion.id,Notion,1,app has slowed wayyyyy down
5147,com.dd.doordash,DoorDash,5,"great app, very convenient."
5015,com.dd.doordash,DoorDash,2,not any faster than the mobile website and just as many annoying popups.
7724,notion.id,Notion,1,"App doesnt boot up anymore and won't restart after redownloading and clearing the cache, my phone says there must be some kind of bug with the app... Galaxy A13, I didn't do an update or anything. This blows and I don't know what to do!!"
7454,notion.id,Notion,4,"The April 22 release is completely broken, I get an infinite spinner when trying to load any project or any page"
794,com.squareup.cash,Cash App,4,never got confirming email
9036,notion.id,Notion,5,Has been my second brain for 6 years. Love the product!
13985,com.squareup.cash,Cash App,4,I love cash app it's easy to use at grocery stores to gas stations. and also send and receive money from your friends and family
9962,com.squareup.cash,Cash App,2,lost money and denied reimbursement
6785,notion.id,Notion,5,"I love this app, I use it for my business and for keeping my home stuff organized. Love making it as pretty or as plain as I need."
6420,notion.id,Notion,3,The app on your phone has some annoying limitations which means you still need to log into your account on a computer.
1819,com.squareup.cash,Cash App,5,great app!
6274,com.dd.doordash,DoorDash,1,I pay for free delivery yet I'm being charged a delivery fee.
1537,com.squareup.cash,Cash App,5,Absolutely wonderful App
5775,com.dd.doordash,DoorDash,2,"Make sure to pay close attention during the order process, or you might loose 30$ on food that you won't get to eat because the app will refresh you location or timing automatically. I've lost a lot of funds to this issue, and I hope to no longer use this service."
5066,com.dd.doordash,DoorDash,1,"I will not longer be using doordash. Every single time I order through doordash, its made wrong; I am missing items completely or the quality is just bad. I make complaints through doordash but they have denied any kind of refund for missing items or incorrectly made items. I order not just for myself but for people who have allergies. It's disappointing bc I'm wasting my hard earned money on this app. Id rather just not order though here again."
4805,com.dd.doordash,DoorDash,4,I waste my money :loudly_crying_face:
7616,notion.id,Notion,1,I don't want your AI and I want proper Linux support. Maybe then I'll use your spyware
2816,com.squareup.cash,Cash App,5,"great app. great benefits. we live in an ""immediate"" type of environment, and this is all accommodating."
14103,com.squareup.cash,Cash App,5,it's convenient and have never had a problem with it.
4996,com.dd.doordash,DoorDash,2,I made a 60dollar order to dairy Queen and they never brought me my order called door dash and told them what happened and they refused to refund my money so I stopped using until today going to try one last time and see what happens they should have refunded my money the lady I spoke to was rude and thought she was the god of door dash!!!!!!!!!
800,com.squareup.cash,Cash App,4,great fit awesome :thumbs_up:
4194,com.dd.doordash,DoorDash,1,"they bait you to the checkout with promises of money off the order but when you try to use the deal/code it will never work. alot of the doordashers cant even speak english so the order has a higher chance of being wrong. i had one doordasher knock on my door to give me my items while having my order in one hand while the other hand had a slice of pizza and a phone yes a phone on top of the greasy pizza while he was chewing a mouthfull of pizza handing me my order, disgusting."
3678,com.dd.doordash,DoorDash,1,I will never use this app again they don't take any issues seriously then when you report it they don't want to give you your money back. I'm over this app and I've been a loyal customer since day one this is the most unprofessional and disrespectful app Ive ever encountered. I am done
1856,com.squareup.cash,Cash App,1,"The app sucks. It has a very big bug because it keeps popping open when i'm not even using it very disappointed. i can't even play my games talk on the phone.Nothing because the app opens up when it feels like opening up. and look, nobody has a decency to even to respond to my comment from the company."
5388,com.dd.doordash,DoorDash,3,depends on the dasher and place for the most part dashers are amazing
6752,notion.id,Notion,3,"It's good and easy to keep organized but for the love of god, make ""select all"" select all. It's extremely annoying that select all only selects a paragraph and scrolling to copy multiple paragraphs of text is nearly impossible when the selection springs back to only the first paragraph. Once this is fixed, I'll change it to 5 stars because it really is an otherwise great app. Would also be handy to have a ""disable AI features"" toggle. I have no interest in AI and they just clog up the UI."
8585,notion.id,Notion,3,"I genuinely don't understand why people praise this app. The interface is incredibly confusing and unintuitive. Why do I change the name of the note when pressing on its name? Who the hell would want to change the names of their notes 10 times a day? Besides, it's been a couple of months since the app was bugging out every time I'm attaching a picture to a note. It doesn't allow me to attach more pictures until I close and open the app again."
4749,com.dd.doordash,DoorDash,3,"The prices are inflated by 30%. You won't get a Dasher unless you tip before you place your order. If you have a problem with your order or your dasher, or you're a Dasher with a bad customer, you won't get the customer support you need unless you spend a whole day talking to an AI about your issue. But hey.... when it's about convenience, that's where they get ya. So if you have strong will power, I don't recommend using DoorDash or any other food deliver app"
5746,com.dd.doordash,DoorDash,5,super easy and convenient. decent customer service when issued occur
6800,notion.id,Notion,5,honestly one of the best discoveries I've made this year. it's extremely snappy and has a pretty great mobile layout.
5226,com.dd.doordash,DoorDash,1,funny how I ordered a larger combo get charged and when my stuff gets here thier recipes say a medium and my drink is definitely not what I ordered. so when I go to make a report on it I have to do the report three times in a row before you guys accepted it. fix your buggy app
7532,notion.id,Notion,1,Full screen is not there. unnecessary sticky title bar and AI query bar.
7516,notion.id,Notion,3,"2 significant bugs: 1. Plus button beside the AI doesn't work. It does nothing. Tried reinstalling, relogin, delete cache, and other solutions the AI gave didn't work. Without it, the app becomes a glorified writing app. I'm on Redmi 13 Note 5G 2. I use 12 keys Japanese keyboard, when I type the first letter of a paragraph, I can't make it uppercase. The button to do it just doesn't appear. Never had such a problem with any other site. Not as big a problem, but real annoying either way"
2094,com.squareup.cash,Cash App,1,"This application has held money that someone sent me, it will not allow me to transfer it to my account, or even return it. the support team lacks the competence and ability to provide support. please do not use this application for critical or time sensitive transactions. use venmo paypal western union cash check or anything else, but please do not use this horrendous application as it will interrupt your business."
5178,com.dd.doordash,DoorDash,1,price is .. I will be stopping the use of this app as soon as my membership is expired
3172,com.dd.doordash,DoorDash,4,Card verification doesn't work for damaged cards where you can't clearly see the numbers
4618,com.dd.doordash,DoorDash,2,"convenient for lazy people. horrible customer service. not worth it. get off your butt and go outside, you lazy so and so."
3916,com.dd.doordash,DoorDash,1,I ordered from a restaurant and they didn't even have time to make my order before I needed to cancel and I wasn't even refunded half of what I paid.
7156,notion.id,Notion,4,good for professional people
7528,notion.id,Notion,1,Automatically changed my plan to a business plan and I have been charged without my consent. Worst app ever. I wish I can give a rating lower than 1 star
3910,com.dd.doordash,DoorDash,1,"Churlish delivery personnel, some of whom don't read delivery instructions, becoming irate when compelled to correct their errors. Your last Dasher had to redo, culminating in his opening my door, literally throwing my order into my bedroom, and spewing expletives at me. I can't help it I'm severely handicapped. Nor do I merit such horrific treatment all because your Dasher opted for an easier way out, even after being tipped. My order was in total disarray but DoorDash did very little about it."
1515,com.squareup.cash,Cash App,2,if they want yhe pay back on Friday then all day Friday should be a option but the truth is they want it on Thursday not Friday
8530,notion.id,Notion,1,"Zero Stars honestly. I just downloaded it, signed in, and I can't see anything on the app screen. It's just gray."
4658,com.dd.doordash,DoorDash,2,"As a food delivery service its fine. But as someone with celiac disease please stop advertising gluten free when you obviously do not know what that means. A section labeled ""gluten free breakfast sandwiches"" that has nothing but fast food places where even the fries contain gluten is misleading and could cause issues for people who don't know better. I will be deleting the app because of this. Do better."
3266,com.dd.doordash,DoorDash,4,"I like this app, but it's a little expensive!"
7916,notion.id,Notion,4,good to carry and edit at any time
6522,notion.id,Notion,2,keeps crashing every time I open it
3302,com.dd.doordash,DoorDash,1,the fees and up charging is insanity
9120,notion.id,Notion,1,"I want to cry....I was getting some great ideas for my business when it said I ran out if credits, which I didn't know I was using or needing....I couldn't save that, I would have screenshot it if I'd known.:pensive_face::face_with_symbols_on_mouth:"
2267,com.squareup.cash,Cash App,1,Cannot send money ...wrong pin
5329,com.dd.doordash,DoorDash,1,"you wont let me rate a restaurant 's food items even though it seems like you let other ppl give a thumbs up or down, so I'm giving you a thumbs down. also, if I'm traveling and have enabled my location, why are you showing restaurants near home?"
3476,com.dd.doordash,DoorDash,1,"My account was deactivated for NO REASON when I was a great Dasher... and after hours of trying to get reactivated ~ NOTHING. I really could've used the extra money, but hey. Doordash is a mess and I don't recommend to anybody."
9004,notion.id,Notion,4,don't like how you have to pay to have longer vids but I love this app
5840,com.dd.doordash,DoorDash,4,"was to bring to the door, get my code, but left our food on an outside table."
3247,com.dd.doordash,DoorDash,2,"Dear DoorDash, I am greatly disheartened today, I learned from tour drivers that you guys have now cut their pay to be below the national minimum wage per hour. DO BETTER! now wonder you guys are always looking for new hires. Some of your drivers do this for a living and have now made it not a living wage option. Shame on you!"
4698,com.dd.doordash,DoorDash,5,Easy app that doesn't piss me off. You're doing great!
8588,notion.id,Notion,4,good app for jounaling
6216,com.dd.doordash,DoorDash,4,Get :rock:'ed and just order the food to the house. Its just gooder then most.
4793,com.dd.doordash,DoorDash,4,it was ok first time using haven't gotten my food yet
2249,com.squareup.cash,Cash App,1,"I had a old cash app account that I could no longer access ,and although I have done all the verification requested of me including opening a new account as well as attaching a current debit card to the new account,cash app refuses to return my funds ,so it looks like we'll be headed to small clams court ,to retrieve over a thousand dollars which they refuse to return."
1707,com.squareup.cash,Cash App,1,where is Cash app ever you might as well go to PayPal you wait 14 days for your refund PayPal give it to you in 5 minutes it's a joke I'd never direct deposit anything here any longer
6241,com.dd.doordash,DoorDash,5,Always great:double_exclamation_mark:
9126,notion.id,Notion,2,"I have it on my computer and it's amazing. I love it for writing books. But when I try to get it on my phone, it won't install. I've tried 4 separate times and it still won't install onto my phone."
6826,notion.id,Notion,2,"I like the app, but i really wish i could disable all the ai features, I don't want to even see them. it's super annoying."
6868,notion.id,Notion,3,"It works great for what I need, and I really like the options and the widgets I can use, but it is slow to load the images added to the cover of the list items. It also glitches when exiting items and fails to switch workspaces sometimes."
463,com.squareup.cash,Cash App,2,Horrible experience I have to uninstall then reinstall this app is problematic it needs work
12612,com.squareup.cash,Cash App,2,"Only use for transferring between people you absolutely trust. If someone disputes it they will refund the money no questions asked, even if you offer proof that they received what they paid for."
7963,notion.id,Notion,4,"The app is really good. It keeps pushing AI ""solutions"" which is really annoying"
5714,com.dd.doordash,DoorDash,5,Fast Service
7773,notion.id,Notion,1,terrible update. i cant insert an image. only asking ai is available. why do i need to talk to ai. please stop pushing this AI slop
6181,com.dd.doordash,DoorDash,3,app froze payment processing
1197,com.squareup.cash,Cash App,2,"that's not cool, I don't everyone looking at my information"
1612,com.squareup.cash,Cash App,1,"tried to transfer money to my new bank account. when I went into it the next day to make it an instant transfer they decided to send the money back to my original account instead of the one I selected to transfer to in the first place, then support just says we can't do anything."
7831,notion.id,Notion,2,"can't believe I'm saying this, especially after using Notion for so long. but notion is somewhat a disappointment. basic functions are mission on a app that should have by default. you can't align text, or modify page title colors. the menus are awful, you press return and instead of collapsing the current menu, it falls back to the previous page. never thought notion would be so underwhelming."
8809,notion.id,Notion,3,very dissapointed in mobile app. Its very clunky and has numerous bugs. This is a desktop first app with buggy mobile version.
14502,com.squareup.cash,Cash App,3,"for the most part, excellent EXCEPT when they lose 500.00 of ur money, suddenly, no clue what they're doing and to quote verbatim the response u will get "" good luck with that""with no intention of resolution or empathy"
5935,com.dd.doordash,DoorDash,4,reasonable and easy to use.
6794,notion.id,Notion,4,can you please fix the bug we're I go to house/drom cuz it's not loading but idk if all the options not loading but yea please fix it giving it 4 stars for that
5450,com.dd.doordash,DoorDash,5,awesome service.
4027,com.dd.doordash,DoorDash,3,grate food
5505,com.dd.doordash,DoorDash,5,good to have as an option
7989,notion.id,Notion,3,"On Windows it's great, on Android it's very buggy, sometimes the keyboard disappears when you're about to type something, and it can happen like four times in a row, it also disappears and reappears whenever you erase a line and it's very annoying when you're typing fast after erasing. The pages take a while to fully load, and the syncing takes even longer, sometimes I have to wait 30 seconds before changing anything because I don't know if it's the latest that I'm looking at."
1694,com.squareup.cash,Cash App,4,"quick, easy. and no 5 spell it alá ML"
4374,com.dd.doordash,DoorDash,3,to expensive and way to many additional fees
1999,com.squareup.cash,Cash App,3,I would have given them a better grade but just makes it convenient for people to beg for your money. other than that they deserve five stars.
14414,com.squareup.cash,Cash App,1,"These guys are a bunch of scam artists dressed up in a finance institutional overcoat. There is utility in using Cashapp but the cash grab, the grift, is what this company is really in it for."
2169,com.squareup.cash,Cash App,3,"I don't know enough to give more stars, yet. Was disappointed that someone who submitted for their card after me, received theirs about 6 days before me. strange"
2183,com.squareup.cash,Cash App,2,they lie and get you to earn green status and then tell you that you aren't eligible for all the benefits after you met the requirements
3962,com.dd.doordash,DoorDash,3,too many fees
12454,com.squareup.cash,Cash App,5,"very safe and easy to use, excellent card for store purchases"
8987,notion.id,Notion,2,When I try to type anything on the app it starts lagging
6458,notion.id,Notion,4,this app is Change my time table live very very interesting app
4727,com.dd.doordash,DoorDash,4,shopping for me is great
7785,notion.id,Notion,2,"I already updated the app and am still getting the ""update required"" pop up please add an option for no on pop ups like those i just want to get my notes to copy my paper"
1967,com.squareup.cash,Cash App,4,I should be able to send a dollar
296,com.squareup.cash,Cash App,3,my game money never gets loaded
7766,notion.id,Notion,3,:thumbs_up::thumbs_up::thumbs_down:
9409,notion.id,Notion,2,"i really love notion, but since the last update the app doesnt work for me anymore sadly"
14035,com.squareup.cash,Cash App,2,works but allowed money to be withdrawn without my authorization.
13379,com.squareup.cash,Cash App,3,wish you could borrow money as long as you get more then one deposit of $100 or less but no less then $20
519,com.squareup.cash,Cash App,2,I was displeased with the deactivation of my account. I wasn't committing fraudulent/scamming through my account. I was unaware of the policies about buying and selling bitcoins through the app. I appealed the decision and they denied my appealm cash app was my best cash application. I used it for a lot of important businesses through cash app.
7134,notion.id,Notion,2,"On a page block the background colour menu doesn't scroll, popup window is frozen. Also the Action menu is frozen and won't swipe down. Samsung galaxy s20"
814,com.squareup.cash,Cash App,4,My account was suspended for some reason after I used this app for years.:face_with_monocle::face_with_monocle::face_with_symbols_on_mouth::face_with_symbols_on_mouth::enraged_face::enraged_face:
5683,com.dd.doordash,DoorDash,2,Would give it a higher rating if when your orders were messed up DoorDash actually provided a proper solution instead of still charging you To receive the missing items.
14423,com.squareup.cash,Cash App,1,I get charged double even if something doesn't go through and money disappears even if the transaction wasn't approved!!!!please help!! ~~~update the app how more problems then they can keep up with. my account was suspended but I couldn't get a reason why and I use the app every day for family I'm too far from but I'll just get chime velle or the many other apps that have the same thing with less issues. terrible customer service. 0 stars
5268,com.dd.doordash,DoorDash,5,Fantastic App to have on your phone .
7861,notion.id,Notion,1,"after this new update, all my saved images in this app are not visible."
13606,com.squareup.cash,Cash App,3,won't let me use my address even though it pops up. I've tried contacting support about it but they tell me it's something they're working on..
13141,com.squareup.cash,Cash App,5,its safe and easy to use
2017,com.squareup.cash,Cash App,5,banking without going to the bank
5381,com.dd.doordash,DoorDash,2,I was scammed through this app; I was defrauded and my money was stolen.
5730,com.dd.doordash,DoorDash,4,"They're good, pretty decent for this town anyway..! The others are sh't..!:thumbs_up:"
14084,com.squareup.cash,Cash App,3,they sent out an offer saying I would get $5 for filing out the survey. I filled it out and then they said I don't qualify for the $5. -2 stars for bait and switch
14001,com.squareup.cash,Cash App,3,can't send money to my GF.
4080,com.dd.doordash,DoorDash,1,"terrible business, terrible customer service. Enjoy spending way more for cold food and poor service."
7406,notion.id,Notion,1,"Using a tablet, for accessibilty, can't drag the left side bar, can't change font size. Used the site and browser combination same issues as well as the AI window fell off the bottom of the screen. Was debugging using AI from the android app against the browser.... But ran out of AI credits and it recommended subscribing. Frustrating as f***"
7319,notion.id,Notion,1,"There are so many bugs. Because of this, my work is constantly delayed. It's a waste of time."
7379,notion.id,Notion,1,love notion. use it daily. pay for business for 2 seats. however android app is bordline unusable. non responsive several times a day and this super annoying offline bug where it says im in offline mode until I close and restart the app. uploading images is also 50/50
4097,com.dd.doordash,DoorDash,5,not delivered yet but we will see
5027,com.dd.doordash,DoorDash,5,love this app and my kids do too
231,com.squareup.cash,Cash App,1,Why would you make it so people with older phones can't update it? so darn annoying. Some of us don't want to update our dang phones.
7409,notion.id,Notion,3,"login Backup , one word big , no ad , custom folder , horizontal folder, like keep notes"
13970,com.squareup.cash,Cash App,1,deactivated my account for no reason what so ever.
14504,com.squareup.cash,Cash App,4,so far so good. love this
5011,com.dd.doordash,DoorDash,1,Doordash is the absolute worse when the order is wrong even if you provide pictures of the order they still do not issue a credit refund or anything a complete annoying exsperiance i spoke with a supervisor and everything its completely unacceptable. I have no idea how they have a 4.7 rating! They must be having their employees or people in corporate doing those type of reviews
8821,notion.id,Notion,2,hard to understand
5428,com.dd.doordash,DoorDash,4,i dealt with you guys before great
3210,com.dd.doordash,DoorDash,3,wish existing users had more desls
5950,com.dd.doordash,DoorDash,2,We should be able to cancel tips if the service is bad or the dasher was being rude or not following instructions.
2723,com.squareup.cash,Cash App,5,I am very satisfied with cash app
13116,com.squareup.cash,Cash App,1,Did a withdrawal 4 days ago. Cashapp customer service say it was sent to my bank 3 days ago but there is no transaction ID. My bank still hasn't received any communication from cashapp without transaction id they can't trace. Cashapp asked for this id. When I said there isn't one they said it's because it's pending (for 4 days!). They just keep saying to give it another day. If it was truly sent 3 days ago my bank would show it as pending. Cashap CS sucks. I'm done with this app.
7004,notion.id,Notion,5,support productivity app
7564,notion.id,Notion,5,"Absolute peak. I mastered myself because I got notion helping me keep things organized in life, and helped me keep track of my habits. never once thought an App i gave so insignificant thought about— could change me entirely just from installing it once. thanks!:crossed_fingers:"
745,com.squareup.cash,Cash App,4,"im hoping it works out, it makes you purchase a security app.. so hoping i don't get scammed"
1897,com.squareup.cash,Cash App,2,Smart. Easy. Quick. W/investments. Cheap.
14375,com.squareup.cash,Cash App,4,I got an error message when I tried to order my card
7357,notion.id,Notion,1,"App has become extremely unusable ever since they started integrating AI. Maybe it's a coincidence but it was never this bad. Everything lags, it takes so much RAM, back button brings you out the whole menu till the start. filters don't work. PLEASE FIX YOUR APP"
9289,notion.id,Notion,4,very practical and useful
2289,com.squareup.cash,Cash App,1,"Avoid CashApp. You can't transfer crypto even to your own wallet. They will tell you it's a scam. Your account will be closed. Even though there's no real evidence. They tell you it's based just on suspicion. There are better ways to send money and crypto than CashApp. Not Block but, rather, Blockhead company! I will watch as you crash and burn!!!"
4023,com.dd.doordash,DoorDash,3,Half the time I didn't get my food. The delivery ppl half didn't know what they were doing.
4014,com.dd.doordash,DoorDash,5,Great place to get good food
3561,com.dd.doordash,DoorDash,5,bad bad bad:smiling_face_with_horns::smiling_face_with_horns:
6395,notion.id,Notion,5,I LOVE this notes app! I love how it works! although my only slight compain is it is a bit laggy sometimes:/ but it could be my phone lol >;D
9180,notion.id,Notion,2,Can't rename workspace in app:pensive_face:
6264,com.dd.doordash,DoorDash,5,Great app to use and be able to get order in different places.
79,com.squareup.cash,Cash App,4,Really good app. Too bad it isn't compatible with my phone anymore...
4327,com.dd.doordash,DoorDash,4,Some size options are not available. like for Sonic you only get large or RT44
6627,notion.id,Notion,2,bug when copy long text drag from bottom to top . when reach on top it's automatic scroll down and not selected all contain on page . please fix it
4331,com.dd.doordash,DoorDash,3,expensive service fee
6324,com.dd.doordash,DoorDash,5,it's amazing and they are way effect in delivering everything
205,com.squareup.cash,Cash App,3,they do not pay back when you make a mistake. customer service is horrible
7914,notion.id,Notion,3,"It's a pretty good app, but there's no way to disable or hide the AI assistant if you are not interested in using it at all."
3349,com.dd.doordash,DoorDash,3,A lot of times my order is wrong and they do not want to refund your money and I ordered too much at both of my households for that
7712,notion.id,Notion,1,worthless and they made a big hype for zero value
3715,com.dd.doordash,DoorDash,4,"some of the items are more overpriced than actually in stores, that should be covered by delivery fees not per item. other than that, it's a great app."
911,com.squareup.cash,Cash App,1,"sleazy, intrusive app asks for private information with no explanation"
2638,com.squareup.cash,Cash App,2,I 20 dollars on there. they took it they can't find where it went I had no transaction so watch out they still haven't found it
14142,com.squareup.cash,Cash App,3,such a poorly designed app. You can't find any of the menus.
1416,com.squareup.cash,Cash App,5,cash app is awesome too have
9243,notion.id,Notion,3,"Good, but so frustrating. I've worked in the technical field for 30+ years. The product had a great start, but instead of fixing known issues they are all in for AI. I worry they are forgetting the basic product functionality in the pursuit of all things AI."
6635,notion.id,Notion,1,"Everything on my phone is up to date but I get this error message: Your browser is not compatible with Notion. Please upgrade to the latest browser version, or visit our help center for more information. I reinstalled the app and nothing changed."
12481,com.squareup.cash,Cash App,5,Its cool!
7421,notion.id,Notion,2,The tutorial is too complicated because it doesn't teach you everything and it has Skyward Sword tutorial syndrome.
2139,com.squareup.cash,Cash App,4,I think we should get free things from here
5258,com.dd.doordash,DoorDash,4,"Decent app, good ordering experience. Checkout is a bit busy/distracting but not that bad"
14182,com.squareup.cash,Cash App,5,fantastic App ! So convenient ! so many options ! protection and best of all.....GREAT customer service ! mwcbmore
12960,com.squareup.cash,Cash App,2,"I was unable to set up a sponsored account for my teen. I tried using their email, they don't have a phone. cash app support suggested I use their cashtag, which they don't have as they don't have an account. I spent over an hour and a half messaging with customer support (what a joke) and there was no resolution."
7795,notion.id,Notion,3,There is a bug for the last two updates where i cannot edit the property. it is very annoying so please update and fix the problem
186,com.squareup.cash,Cash App,2,Other than app doesn't work on my Note8 it used to be a good app
4285,com.dd.doordash,DoorDash,4,Superb I value doordash but some of the doordash delivery drivers need more training either they forget an item don't pick up an item or Leave them and they shall not tamper with anyone's purchases items etc
7860,notion.id,Notion,3,it only choose a pro AI model which is limited it should have Gemini free API or we should connect our AI app to it to make changes and create notes
275,com.squareup.cash,Cash App,4,my cash app is not working
14070,com.squareup.cash,Cash App,5,works really well without the fees like PayPal.
8451,notion.id,Notion,5,Thank you
9237,notion.id,Notion,2,Not very compatible with android. works well on Windows.
6892,notion.id,Notion,1,They lost all my notes and were not able to recover them. I would not recommend this app. Less than one star
13769,com.squareup.cash,Cash App,4,don't know yet. just opened it.
9401,notion.id,Notion,1,seems cool but really buggy with the galaxy z 7 fold. Gets hung up if you open/close phone while using. Will change if it gets fixed.
7977,notion.id,Notion,2,"The app is bugged; it's not letting me edit the property number. When I click ""edit,"" nothing appears, but I can duplicate and delete that property! If you could fix it!"
3931,com.dd.doordash,DoorDash,4,It's been fine. Does what I was looking for and to do
908,com.squareup.cash,Cash App,1,"Cash app took everything, they are evil and it is my life's mission to see them taken down!"
1464,com.squareup.cash,Cash App,5,i love Cash App it is super easy to use and very convenient
7556,notion.id,Notion,1,Bro fix ur app come on. Its glitchy af.
8584,notion.id,Notion,4,It will be 5 stars if it is more compatible with Arabic language
8078,notion.id,Notion,5,"simply amazing, but the only limitation right now I feel is no daily free credit for Notion AI for free tier accounts. I strongly feel that there should be some."
7432,notion.id,Notion,1,"Using Notion on a high-end phone, but it keeps getting laggier after updates. Table selection is difficult, especially for full rows or columns, and copying email addresses adds a “mailto:” prefix. Basic features feel broken, making the app frustrating to use. Moving away because of this. I'm going back to google ecosystem."
13368,com.squareup.cash,Cash App,3,I'm missing $70 out of my account and cash app customer service told me they don't know where it went but they knew my last transaction yet there was still nearly $70 left over in my account and they said that I have to make a new account and they deleted it forcing me to create a new account which now I can't even borrow money anymore
7000,notion.id,Notion,5,"its mostly online, can be downloaded. has some quirks, but its good for haveing 5-10 notes in 1 note folder. better for keeping track of different things on a single topic"
5621,com.dd.doordash,DoorDash,5,Always delicious!
5492,com.dd.doordash,DoorDash,5,great service god bless
2859,com.squareup.cash,Cash App,1,It's dangerous
210,com.squareup.cash,Cash App,3,Its a bit confusing. Its probably just me.
119,com.squareup.cash,Cash App,3,can't cash checks through the phone.
5256,com.dd.doordash,DoorDash,4,"Love the service, just don't like basically having to subscribe to get deals."
4470,com.dd.doordash,DoorDash,4,it's cool but those fees those fees get you
8493,notion.id,Notion,4,Great for accountability and managing stuffs
13436,com.squareup.cash,Cash App,2,"it is not letting me buy my free card every time I try it always says "" An unexpected error has occurred. Please try again later"". I always try again later and it never works. I even called customer service and talked to the AI bot, but that did not solve anything. I am so confused about what is wrong with my stuff. The app is up to date, so can you guys please!!! fix this."
8556,notion.id,Notion,3,Copy-pasting To-do lists is terrible!
7761,notion.id,Notion,1,"i recently downloaded the notion app in my phone and now in one or two days the app is lagging too much hanging to much from day one I thought it will work smoothly but it doesn't work smoothly I am very disappointed by the app. first i thought it is a network issue but that was a mis inception i request the notion team to make it optimized, smooth and work properly"
3535,com.dd.doordash,DoorDash,4,"Would be 5 if they held driver's accountable for wrong food and wrong door drop offs. There is nothing to help us when the driver brings the wrong food. They will not drive back to correct it, when they should. I worked for a local delivery company here in Lincoln Nebraska called Metro Dining.. And they knew how to take care of the customer. First off, we take the time to make sure the order is correct. There is no reason not to. This ensures that the correct order is being taken to customer."
1912,com.squareup.cash,Cash App,4,security efforts appreciated. log in + code + email notification is great
7504,notion.id,Notion,3,"slow and buggy, pages take a long time to load"
3359,com.dd.doordash,DoorDash,4,Better the Uber eat $18 delivery charge
6712,notion.id,Notion,2,"for a while now, notes written in my Android app don't sync or get saved. the next time I open the app, whatever I'd typed using my android phone would have had disappeared"
1106,com.squareup.cash,Cash App,5,fast and easy
4383,com.dd.doordash,DoorDash,5,its quick and easy to use
8687,notion.id,Notion,3,"hi, i love notion, but something's wrong all of a sudden. there is too much space between a table and other elements within a page (from a simple template i made) that i can't remove. while i am editing the table the spaces fix themselves and when i leave the table, everything rearranges all on its own again."
3293,com.dd.doordash,DoorDash,2,"it would be cool if the android app can do what the iPhone app does, which is being able to split a receipt when you have a group order. other than that, app is okay at most"
6952,notion.id,Notion,4,it's a Nice app
4864,com.dd.doordash,DoorDash,2,"Food is almost always cold by time it arrives, drivers sometimes ignore delivery instructions"
1648,com.squareup.cash,Cash App,4,"i love the cash app. My checks came in early, and i paid all my bills with it. My phone number i had for three years got deactivated, and i think someone i dont know is receiving my alerts. my cash app account suddenly got deactivated for fraudulant transactions. and now is under investigation. be smart and have a few ways to prove who you are on important accounts."
5680,com.dd.doordash,DoorDash,3,"They pick up the food then go from location to location with it ! By the time it arrives to you, it is cold! Can't blame Five Guys because they prepare the food as it is ordered! I've reduced my Door Dash use because of this! Who wants to pay all that extra money for ice cold food?!Unless the drop offs are within close proximity of each other,please reconsider doing that!!"
13928,com.squareup.cash,Cash App,3,the app isn't user friendly to get started I just wanted to get money sent to me
1386,com.squareup.cash,Cash App,1,ade an order at Walmart they adjusted my price hey put it back on cash app now they have 90 days to give me my money back keep that in mind before you put your money on this card
9408,notion.id,Notion,2,"The app used to be incredibly helpful and easy to use, but every update limits these features and makes it frustrating to do anything on."
3847,com.dd.doordash,DoorDash,5,food
3728,com.dd.doordash,DoorDash,1,a piss poor application
3202,com.dd.doordash,DoorDash,2,"I ordered about $51 worth of food, and I cannot get in contact with the company. I called the driver so much he blocked me...I NEVER GOT THE FOOD Literally two stars because I used to work there and I loved it but it would b0 stars but I can't contact the company"
5940,com.dd.doordash,DoorDash,1,"I ordered food to my hotel they abandoned it in the lobby during a convention no communication at all. it was supposed to be delivered to the room. door dash refused to refund it or even address the issue. I'm not out a significant amount of money, no food and no one to deal with it."
13076,com.squareup.cash,Cash App,1,how do I make my device compatible with this version of cash app? already cleared data and cache in the settings of google play and restarted phone.
3367,com.dd.doordash,DoorDash,5,fire
8756,notion.id,Notion,2,it not opening what to do
9152,notion.id,Notion,3,it's well worth it.
13566,com.squareup.cash,Cash App,2,this is the most ghetto app every time you ready to move a dollar here they come looking for the nickel and dime I never had Bank of America Wells Fargo any of them do that keep this app for emergencies but don't use it as a primary banking service you can't use the card half of the places that actually counts they nickel and dime you everywhere they can
4036,com.dd.doordash,DoorDash,3,I try ordering specials that do not apply when I checkout and the don't like the increased fees
6295,com.dd.doordash,DoorDash,2,way too many fees. $10 per order is ridiculous
14295,com.squareup.cash,Cash App,3,so easy and alot of new advantages to being on cash app it needs to do something about Google play dippin in people's accounts anytime they want I blocked them and they still attempt to hit my account for different amounts of money
8575,notion.id,Notion,2,"my only [and pretty big] issue with the app is there being no option to disable the AI features, I'm annoyed by the insistence of the AI assistant and wish there was just a little setting I could toggle to make all that just not show up. would recommend otherwise. please just add an AI toggle."
8176,notion.id,Notion,2,so complicated four us
164,com.squareup.cash,Cash App,1,"My account was hacked, now I owe cash app 322$. was given no help with the suport team."
5471,com.dd.doordash,DoorDash,2,finding stuff is terribly difficult. too much on the screen at one time.
8997,notion.id,Notion,2,some thing I can not understand
2389,com.squareup.cash,Cash App,2,The card unlocked/lock feature is malfunctioning. :expressionless_face:
771,com.squareup.cash,Cash App,4,So far so good! time will tell!
1289,com.squareup.cash,Cash App,3,"I cannot use my cash app on this Android phone on top left of phone in bold red letters states, 'Google and and TEE Key not writte'"
6841,notion.id,Notion,3,would be great if it worked.
3020,com.dd.doordash,DoorDash,1,hope you like it cold.
12498,com.squareup.cash,Cash App,3,app should rotate with phone
6754,notion.id,Notion,5,Please fix the app on Huawei
4763,com.dd.doordash,DoorDash,4,generally ok very expensive and I don't understand how the system works.
369,com.squareup.cash,Cash App,2,can you add a feature where you can put money in a high yield savings account also make it so I can have 4% apy
7114,notion.id,Notion,3,There's a problem with the background color menu after the last update
13725,com.squareup.cash,Cash App,2,can you figure out a way to pay in bit coin any easier
940,com.squareup.cash,Cash App,1,when I do something it goes off it
4608,com.dd.doordash,DoorDash,3,"It's fine but only using it because we get a ""free"" dash pass and $5 monthly credit with the Sapphire Reserve CC. Otherwise it wouldn't be worth the fees and tips required... would be cheaper and quicker to just go pick it up myself. :man_shrugging_medium-light_skin_tone:"
14371,com.squareup.cash,Cash App,4,seems like it's a lot better than the other one I have used
13517,com.squareup.cash,Cash App,2,Fast but everytime I try ordering my card it never ships or comes ive spent abt 20 bux for new cards and the indians I talk to dont know what the hell Im talking about and I cant understand them. im switching to a diffrent app.
4711,com.dd.doordash,DoorDash,2,this is great in theory but it has some serious problems. I've had several times where things were not delivered and nobody will give me a refund.
5740,com.dd.doordash,DoorDash,2,"the service fee is pretty absurd. I use this app maybe once per year and every time I do it seems that service fee goes higher and higher for ""non members"" so I simply donteh ""free trial"" then cancel immediately."
3922,com.dd.doordash,DoorDash,1,"Better off to pick up order or try another app. The app keeps changing the dasher and when settled with one, they had to go drop off another order before mine, they were also not far from me, but it reloaded and made a longer route that was completely irrational. I'm adding to my review from years ago. The app now charges additional fees and the orders are taking longer to prepare and deliver. I had panda express ordered and it took nearly an hour to get. Do. not recommend"
12973,com.squareup.cash,Cash App,4,luv it works good for me had a few issues but they got fuxes ASAP great improvements.
1828,com.squareup.cash,Cash App,5,I honestly would recommend cash app then any other money app cash app your the bomb #cashapp
14528,com.squareup.cash,Cash App,2,"Had my first account closed down because of not paying back loan in 30 days, then on the 38th day I did pay back $150.00 & they closed down my account! :pensive_face:"
8432,notion.id,Notion,4,"Loved this and wanted to set it as my main notes app, but I was disappointed the second I saw that AI requires a subscription. Guys, AI is not something exclusive nowadays; let us use it, at least in a limited capacity."
5517,com.dd.doordash,DoorDash,1,"be cautious when using this app. Apparently they arent obligated to issue refunds, even when you havent recieved the items. Costed me over 130 dollars Canadian that they took and refused to refund even if you call support and talk to a supervisor :thumbs_down:"
7836,notion.id,Notion,3,"don't force me to update, booo"
14278,com.squareup.cash,Cash App,2,ive never got chance to used it dont have a back attachment sorry heard it was good to have ok thanks for reaching out to me once they fix my account ill try it haven't used it yet so still haven't used it yet because it was scammed
1916,com.squareup.cash,Cash App,3,I was a long process but I had fun
1160,com.squareup.cash,Cash App,4,stuff takes money out even when card locked
6182,com.dd.doordash,DoorDash,5,noooce!
8785,notion.id,Notion,3,:victory_hand:
5967,com.dd.doordash,DoorDash,5,yummy food
4382,com.dd.doordash,DoorDash,2,not clear on how to use gift card balance
6003,com.dd.doordash,DoorDash,5,hell yeah yeah
4088,com.dd.doordash,DoorDash,4,app can always get better as far as navigation. keep improving.
7293,notion.id,Notion,5,My life has got a great rebirth after getting this Notion app. (Hand up! No more words :raising_hands_light_skin_tone:)
5589,com.dd.doordash,DoorDash,1,Money Sink. You'd think they would be cool and use flat delivery fees but they aren't.
13834,com.squareup.cash,Cash App,5,it really makes it convenient. it's accepted almost everywhere.
7348,notion.id,Notion,5,excellent and user friendly interface
4047,com.dd.doordash,DoorDash,2,was not accepting multiple modes of payment
1344,com.squareup.cash,Cash App,5,Easy to use and most people prefer it
4791,com.dd.doordash,DoorDash,1,"I was recently gifted a $50 Doordash giftcard and I am wanting to purchase some goods but I am unable to because I keep getting an error message saying ""payment invalid, try apple pay or Google pay"". I have tried other debit cards and I cannot get the payment through. I have deleted the app, restarted my device, cleared cache, and tried the official website but no payments are going through and I cannot redeem my Credits. I tried to order off my laptop and I keep getting the same error."
5762,com.dd.doordash,DoorDash,5,More deals and promotions than uber eats
5932,com.dd.doordash,DoorDash,2,They don't have knowledgeable people to deliver to the office it's not working for me. Pl ease close account.
6709,notion.id,Notion,2,"I had it for years and it was amazing until my pages and texts kept on getting deleted keep in mind nobody touched the delete button, it's getting annoying at this point someone fix it"
7218,notion.id,Notion,4,this app is very good I created my own templates in them where I wrote my tasks and its very easy to make a template yourself without needing to write a code
8225,notion.id,Notion,3,trashy af when it doesn't let you copy anything and brings you to the first phrase.
1645,com.squareup.cash,Cash App,2,updated cash app version is no longer compatible with my device. This is terrible. is there a way to access the previous version that was working on my phone?
795,com.squareup.cash,Cash App,4,"I believe is a great app but always is room for improvement at the moment i had no problem with the app, my best regards. Alberto P Reynoso Holston"
6961,notion.id,Notion,4,best of the best
7468,notion.id,Notion,3,"The app closes every time I go multitasking which is not convenient at all. it's a note taking app so it's meant to be opened alongside other apps but for some reason it's the only app that doesn't stay in memory I'm using S25 Ultra, I do like the app but this issue is inconvenient"
6535,notion.id,Notion,1,So slow and very often bugs
13217,com.squareup.cash,Cash App,3,is good I just think u should be able to earn money on the app
301,com.squareup.cash,Cash App,2,"good useful app, but it seems app doesn't care if youve been a customer for years and get over $1000 deposited every week. wont allow the borrow feature or increase my overdraft limit even tho i pay back every week. meanwhile i see others who dont get direct deposit or barely get $300 a week deposit and they can either borrow or overdraft $200-$300. makes 0 sense"
13775,com.squareup.cash,Cash App,2,sometimes I get fraud warnings for no reason and my app gets locked
13651,com.squareup.cash,Cash App,4,can he reopen a account
6352,notion.id,Notion,4,Would give it five stars but every time my screen accidentally rotates the note freezes and text turns grey wasting a minute before it comes back. Please fix this and how the note updates better balance between on device storage and syncing.
2308,com.squareup.cash,Cash App,3,great app. but I don't like my information being public.
6670,notion.id,Notion,5,"I've been using Notion for a while, and it's one of the most useful apps for organizing notes, tasks, and projects. I like how flexible it is, allowing me to create to-do lists, manage schedules, and keep everything organized in one place. The clean interface and customization options make it easy to adapt for different needs. Overall, Notion is a great productivity app for students, professionals, and anyone who wants to stay organized."
7351,notion.id,Notion,4,"Mostly a great mobile interface offering instant access and editing to your workspace from your computer. Only a few UIs have strange flows like if you choose a field from a drop down list, you can't go back to the page you were on, you have to quit the entire page and go back to the database."
12796,com.squareup.cash,Cash App,5,"ITS REALLY GOOD APP TO HAVE. IF YOU A A LITTLE SHORT IN CASH ,CASH APP WILL HELP. IS REALLY GOOD AND FRIENDLY TO USE."
7819,notion.id,Notion,1,"Was unintuitive however the ai tool was useful, created a full weekly timetable which was working well, however then got deleted and wasnt able to get it back, pretty useless to have a timetable deleted mid way through a routine."
12770,com.squareup.cash,Cash App,4,I didn't get the money i won on my cash app
179,com.squareup.cash,Cash App,2,I liked the old way cash app where you can add a title before sending money. still good app thanks
4465,com.dd.doordash,DoorDash,5,always have been perfect
6121,com.dd.doordash,DoorDash,2,too hard to edit payment method
441,com.squareup.cash,Cash App,2,Whats the point of an app when it can't be used by older phones. I don't buy phones like some rich kid.
6503,notion.id,Notion,3,"is there a bug? I can't add pages, it just goes to the trash"
386,com.squareup.cash,Cash App,1,stopped working with my phone random ly cant access my money
13934,com.squareup.cash,Cash App,5,This best cash app ever!!!!
545,com.squareup.cash,Cash App,3,I love the cash app but it has cause my phone problems like behaving like a virus is on my phone. every time I open phone it has pop up when I first unlock or even opening when I don't use it please solve this problem
4092,com.dd.doordash,DoorDash,4,"I would give a 5, but was told I'd get a discount when I ordered and it never applied. I was too tired from travelling to worry about it."
4740,com.dd.doordash,DoorDash,2,sometimes it is difficult and they leave things out
8612,notion.id,Notion,2,"unuseful if not used so, if you have more than one app to manage your time, I'd remove those you don't use to optimise your time and mobile space memory."
3101,com.dd.doordash,DoorDash,1,worst service ever i had access to my account and they would constantly deactivate it most likely due to the promotion that was supposed to unlock that rewarded me with $30 I have never once had issues with the superior Uber Eats app which I will be sticking to them as they actually care about customers unlike this pathetic company
8144,notion.id,Notion,4,"It is really good for notes and would recommend especially if your a studen like me. However on my laptop it is a laggy when im going to open a page, but it is not too much of a problem that I wouldn't use the app. Overall pretty good"
6911,notion.id,Notion,5,Awesome app. I've nothing much to say :grinning_face_with_sweat:.
5373,com.dd.doordash,DoorDash,2,"I've had a dasher drop my food off at the house four houses down and when I tried saying that I think that's my food he drove off very recklessly, and I've had dashers leave without items or they weren't patent enough to wait until all items were there. otherwise there are some dashers i do appreciate.and thank you"
6665,notion.id,Notion,3,"Useful and good but little hard to learn. And I hope I can use the mobile only functions at phone too, cause not everyone has a money for a computer."
3787,com.dd.doordash,DoorDash,3,Great when the order is complete. Horrendous when a problem arises. Only expect half of your drinks to ever arrive.
13747,com.squareup.cash,Cash App,2,Every time I try to use it I have problems
4127,com.dd.doordash,DoorDash,2,"The app is becoming impossible to browse because they're trying to become the Amazon of delivery and are now featuring literally everything but the food you're wanting to find in the app and their UI/UX updates are deliberately hiding that to get you to see them as your ""everything source"" to break your habit of just wanting them to deliver food but they're doing so in a user-hostile way that makes their service inconvenient for their ""rebrand"" efforts. tl:Dr: it sucks now"
2272,com.squareup.cash,Cash App,3,My experience with Cash App goes way back. I used to I have money direct deposited into Cash App. Then someone stole my money and Cash App wouldn't even attempt to help me figure anything out. Then they said I owed them money. how's that add up Green Dot? But hey I still have a Cash App and use the app occasionally.
7991,notion.id,Notion,2,"After the last three updates, it is now unusable on my tablet. I have the latest android version, updated the app on my tablet and mobile phone, all it does is hand then kick me out."
3913,com.dd.doordash,DoorDash,3,smooth...
7285,notion.id,Notion,1,"cant copy anything, deletes my notes if I leave screen. sucks. moving away"
6446,notion.id,Notion,5,really love notion. no complaints so far
5854,com.dd.doordash,DoorDash,2,way too expensive makes it hard to leave a good tip
9223,notion.id,Notion,1,I love Notion but all the AI integration has got to go. The app is only gonna get worse.
13991,com.squareup.cash,Cash App,4,"I'm still in the bringing of using cash apps debit card so time will tell, and for the other features have worked well on cash app, and I haven't ever had any fraud issues. Overall, the cash app is a 4 star app if you ask me now."
14284,com.squareup.cash,Cash App,3,not sure what to do yet but I think it will work out.
6300,com.dd.doordash,DoorDash,1,they post stores online that are already closed and list them as open but when you can't pick up your food they decline your refund and rob you of your money screw door dash go through uber I haven't had problems with them
189,com.squareup.cash,Cash App,5,I have had on problems good service
5876,com.dd.doordash,DoorDash,3,Adds too much cost for items vs shopping in the actual store.
6527,notion.id,Notion,2,slowly replacing everything good about this app with AI to sell to investors that no user actually asked for
14099,com.squareup.cash,Cash App,4,all :thumbs_up:
1306,com.squareup.cash,Cash App,1,if the amount you're spending will leave the remaining balance at less than $1 they wont let the transaction through...:skull: YOUR money they wont allow you to spend.
1422,com.squareup.cash,Cash App,5,cool I love Cash App
7053,notion.id,Notion,5,Excellent. I loved it.
4748,com.dd.doordash,DoorDash,5,pretty easy experience
658,com.squareup.cash,Cash App,5,it's amazing and I love it plain and simple to be honest
9346,notion.id,Notion,5,Unbelievable!! Thanks a lot..
1801,com.squareup.cash,Cash App,5,"I have been using cashapp for a long time now and it's super convenient and easy to use! I don't think I'll ever switch to another app, and even if I try another app, this one will stay right where it's at, because they have always taken care of me even when I didn't know if I should keep the app or not. Everyone should have this app on their phone."
14363,com.squareup.cash,Cash App,3,"I do like most things about this app. I also like the new addition of being able to borrow certain amounts based on your usage history patterns. There is really only one problem, unfortunately it is a big one. that being that it so quickly and carelessly allows charges to be made that in case there have been scams that were never resolved in any way and have continued at an alarming rate."
5570,com.dd.doordash,DoorDash,2,"Other than Doordash , Ive never had a delivery service cancel my otder after already waiting 20 minutes twice!"
7872,notion.id,Notion,2,The app on phone is so buggy
3511,com.dd.doordash,DoorDash,2,What is going on with door dash. The app never works properly anymore getting sick of it skip the dishes here I come.
9080,notion.id,Notion,4,its cool enough to make a lazy person like me stay organized
1666,com.squareup.cash,Cash App,1,"fraud, they never help get your money back from fake online companies"
7275,notion.id,Notion,4,"The ultimate second brain, now with superpowers. Notion is already an incredible workspace for notes and databases, but its AI integration elevates it completely. The AI agent features—which can summarize long pages, autofill database properties, and answer questions across your entire workspace and connected apps—are massive timesavers. It is brilliant for project management. The mobile app can still feel a bit heavy and slow to load complex pages, but the AI utility is unmatched."
1335,com.squareup.cash,Cash App,1,"when an app requires more information to verify you than what it takes to open an account, that is a clear indicator of how unreliable they are, don't even bother with your automated ai response which isn't helpful since that is all you rely on"
8469,notion.id,Notion,5,this is actually a very good app it organizes my ideas and you can even customize your ai assistant very creative ideas you have notion only thing is our ai responses are too low make it higher still a good app
2441,com.squareup.cash,Cash App,1,"You should receive a Zero star, 1 is too many after you charged me for something I never authorized."
14237,com.squareup.cash,Cash App,1,won't let me get a cash app card at all
3292,com.dd.doordash,DoorDash,2,Uber eats is cheaper and faster
5208,com.dd.doordash,DoorDash,2,Just garbage. I placed an order and my card was charged but no order appeared on my account. Tried to get a refund through customer service but I'm pretty sure it's all replaced by AI. I sent them photo proof that my card was charged and they acknowledged no order was on my account. For some reason they still denied my refund so they literally just stole my money. If you're too lazy to get your own fast food just use another app instead
9200,notion.id,Notion,1,Complicated to understand
12480,com.squareup.cash,Cash App,3,used to be able to lock your phone from the main page but now it's become difficult I'm hard to find to lock your card easily I'm disappointed about this I don't like changes and updates where it makes it more difficult to use the app and find things easily
385,com.squareup.cash,Cash App,3,have a card but can't use it
5173,com.dd.doordash,DoorDash,1,won't let me use afterpay for some reason keeps saying card is expired even tho my afterpay account is still active and dont know how to get it up and running again
13106,com.squareup.cash,Cash App,5,why isnt there and easy and obvious customer service button anymore?
7507,notion.id,Notion,4,The update payment is too high but above all the app is very efficient
5077,com.dd.doordash,DoorDash,5,very good at communicating with costumer
2591,com.squareup.cash,Cash App,4,I like cash app it is easy to yous
9297,notion.id,Notion,4,Notion has got it all! Yes it can be a little tricky at first but with help of a few templates and my own I really enjoy playing in notion. The only thing I would like is if it would lag less on phone app when you have lots of stuff on your database.
2035,com.squareup.cash,Cash App,1,closed my account on me because someone deposited money then took it back for resones unknown to me. so they closed my account without any explanation and are unwilling to provide any to me!!
8275,notion.id,Notion,2,The most recent update keeps causing the app to be unresponsive after a few clicks which requires me to close the app and reopen it. Before this update my review would have been a 5 star. If it gets fixed it can go back to five stars.
565,com.squareup.cash,Cash App,4,"My brother loves it. Simple way to send him money...too simple and convenient. BTW support, http links do not work in google...STOP posting them as a viable answer. UPDATE - Support is too stupid to realize http links don't work here and continually looks stupid posting them. Thanks for your LACK of effort."
7388,notion.id,Notion,3,recently I can't submit posts or comments or lookup pages via notion mobile app
8051,notion.id,Notion,1,totally useless and wastage of time
13709,com.squareup.cash,Cash App,3,I need photo of my ID verification from my New Mexico ID to have my card sent that is really giving me problems could you look into that ASAP
14331,com.squareup.cash,Cash App,5,LOVE IT
4418,com.dd.doordash,DoorDash,5,"very convenient and customizable, allowing everyone to be happy and get what they want. We love it."
4865,com.dd.doordash,DoorDash,4,love it would most likely recommend.
4483,com.dd.doordash,DoorDash,5,always good when you got a craving and no car
6751,notion.id,Notion,1,"I was loving the app until it stopped saving my lists and info. I'm told it's due to poor Internet connection, yet I'm on a solid Wi-Fi connection with full 5g available, and yet a list i create will be gone in 15 min. even with ""available offline"" selected. incredibly frustrating and detrimental. PLEASE ADDRESS THIS ISSUE."
5213,com.dd.doordash,DoorDash,4,the service fee I was a where of cause I was tipping good just couldn't afford the monthly fee
9225,notion.id,Notion,2,"Would rate 5 stars but I am having so many difficulties uploading a cover to the pages, if fixed, will change to 5 stars."
3540,com.dd.doordash,DoorDash,3,hit and miss
6950,notion.id,Notion,4,"database a bit slow to work with, otherwise - awesome!!"
7243,notion.id,Notion,1,hate
381,com.squareup.cash,Cash App,2,"Way to easy to get scammed, and then they don't even help you get your money back. then they are making me pay 500 because my money got put into bitcoin."
7665,notion.id,Notion,5,extraordinary super application .:OK_hand::OK_hand:
5204,com.dd.doordash,DoorDash,4,took a minute but I got an great understanding on how thanks..
6898,notion.id,Notion,5,to anderstarn learn
5000,com.dd.doordash,DoorDash,1,I placed an order and I didn't receive an item and when I filed a complaint they offered less than the cost and then told me a Manager would reach out. I never heard from anyone and I just got notified that my refund was denied. I have over 10 friends that say they're leaving Doordash for this exact reason. Uber doesn't rob you like this company. I think the company attacks you if you make a complaint
2081,com.squareup.cash,Cash App,1,Twice in one week I've been temporarily locked out of my account and MY money. I just got it back this morning and just got notification it's locked again. And I've done nothing with this account. I won't use cash app anymore.
4803,com.dd.doordash,DoorDash,3,"I'd give more stars for this app if only the Door Dashers would follow directions. I live at crossroads with a tricky intersection. I wrote specific delivery instructions and half the time, the driver gets it wrong. They don't read the instructions. When I speak with the drivers, what I learn is that they don't speak English, so they don't understand the directions. I'm sure there's simple translation apps available."
3891,com.dd.doordash,DoorDash,4,"They were definitely needed them , they never really did me wrong. Except when the app glitched. Well just once or so and they said i was late. Giving me 2 orders simultaneously and the first order they give you take forever. The app tells you you can give up and it won't count against you. But it made you late. You can only get so many late deliveries removed at a time. I maintain platinum level still."
2501,com.squareup.cash,Cash App,4,awesome :thumbs_up::thumbs_up:
7208,notion.id,Notion,1,stop forcing AI down my throat thx
6702,notion.id,Notion,4,"I recently downloaded this app, and I already loved it very much! it's free and offers you tons of options and templates. However, as much as I would like to give it a 5 star. I have a difficult time editing it on my phone, especially resizing imagines. Anyways 9/10!"
4162,com.dd.doordash,DoorDash,4,"Although they persist, none of the drivers can work out how to access my address even though instructions are given in the DoorDash app."
